systemic_crisis,currency_crises,inflation_crises,banking_crisis,exch_usd,gdp_weighted_default,inflation_annual_cpi,domestic_debt_in_default,sovereign_external_debt_default,independence
1,0,0,1,0.052264,0,3.441455696,0,0,0
0,0,0,0,0.052798,0,14.14913958,0,0,0
0,0,0,0,0.052274,0,-3.718592965,0,0,0
0,0,0,0,0.05168,0,11.20389701,0,0,0
0,0,0,0,0.051308,0,-3.848560701,0,0,0
0,0,0,0,0.051546,0,-20.92417833,0,0,0
0,0,0,0,0.051867,0,-1.769547325,0,0,0
0,0,1,0,0.051867,0,29.11604525,0,0,0
0,0,0,0,0.051948,0,-1.492537313,0,0,0
0,0,0,0,0.052029,0,-16.83135705,0,0,0
0,0,0,0,0.052356,0,3.881188119,0,0,0
0,0,0,0,0.052029,0,12.61913839,0,0,0
0,0,0,0,0.050761,0,-12.35612729,0,0,0
0,0,0,0,0.052002,0,-1.390498262,0,0,0
0,0,0,0,0.052165,0,-15.94202899,0,0,0
0,0,0,0,0.44903,0,9.756097561,0,0,0
0,0,1,0,0.49189,0,22.22222222,0,0,0
0,0,0,0,0.44937,0,16.36363636,0,0,0
0,0,1,0,0.75,0,28.125,0,0,0
0,1,1,0,0.5,0,46.34146341,0,0,0
0,1,1,0,0.5,0,41.66666667,0,0,0
0,0,1,0,1.191,0,29.41176471,0,0,0
0,0,0,0,1.191,0,18.18181818,0,0,0
0,0,1,0,1.193,0,69.23076923,0,0,0
0,0,1,0,2.662,0,63.63636364,0,0,0
0,0,1,0,3.49,0,23.61111111,0,0,0
0,0,0,0,3.499,0,0,0,0,0
0,0,0,0,3.5,0,6.741573034,0,0,0
0,0,0,0,3.5,0,6.315789474,0,0,0
0,0,0,0,3.5,0,-0.99009901,0,0,0
0,0,0,0,3.5,0,1,0,0,0
0,0,0,0,3.5,0,0,0,0,0
0,0,0,0,3.5,0,1.98019802,0,0,0
0,0,0,0,4.199,0,2.912621359,0,0,0
0,0,0,0,4.906,0,12.26415094,0,0,0
0,0,0,0,4.909,0,9.243697479,0,0,0
0,1,0,0,4.93706,0,5.384615385,0,0,0
0,0,0,0,4.93706,0,2.919708029,0,0,0
0,0,0,0,4.93706,0,6.599987838,0,0,1
0,0,0,0,4.93706,0,2.626631862,0,0,1
0,0,0,0,4.93706,0,3.656320975,0,0,1
0,0,0,0,4.644,0,6.172816266,0,0,1
0,0,0,0,4.556,0,4.734228715,0,0,1
0,0,0,0,4.185,0,8.961134756,0,0,1
0,0,0,0,3.997,0,8.87917187,0,0,1
0,0,0,0,4.125,0,12.09893382,0,0,1
0,0,0,0,4.359,0,17.17351914,0,0,1
0,0,0,0,4.035,0,11.45037883,0,0,1
0,0,0,0,3.8345,0,9.668492611,0,0,1
0,0,0,0,3.7555,0,14.60957788,0,0,1
0,0,0,0,3.9715,0,9.668,0,0,1
0,0,0,0,4.378,0,14.61,0,0,1
0,0,0,0,4.6355,0,6.593,0,0,1
0,0,0,0,4.9165,0,7.835,0,0,1
0,0,0,0,5.1227,0,6.31,0,0,1
0,0,0,0,4.7728,0,10.432,0,0,1
0,0,0,0,4.8235,0,14.007,0,0,1
0,0,0,0,4.9363,0,5.857,0,0,1
0,1,0,0,6.7308,0,5.938,0,0,1
0,1,0,0,8.0324,0,9.172,0,0,1
1,1,0,1,12.1908,0,9.272,0,0,1
1,1,1,1,21.3919,0.23,25.9,0,1,1
1,0,1,1,22.7814,0.23,31.7,0,1,1
0,0,1,0,24.123,0.23,20.5,0,1,1
0,1,1,0,42.8925,0.23,29,0,1,1
0,1,1,0,52.175,0.23,29.8,0,1,1
0,0,0,0,56.1859,0.23,18.7,0,1,1
0,0,0,0,58.4139,0,5.7,0,0,1
0,0,0,0,60.3531,0,4.95,0,0,1
0,0,0,0,69.3143,0,2.6,0,0,1
0,0,0,0,75.3428,0,0.3,0,0,1
0,0,0,0,77.8196,0,4.2,0,0,1
0,0,0,0,79.7234,0,1.43,0,0,1
0,0,0,0,72.6128,0,4.259,0,0,1
0,0,0,0,72.6137,0,3.972,0,0,1
0,0,0,0,73.3799,0,1.382,0,0,1
0,0,0,0,71.1582,0,2.315,0,0,1
0,0,0,0,66.8299,0,3.674,0,0,1
0,0,0,0,71.1826,0,4.855,0,0,1
0,0,0,0,72.7309,0,5.743,0,0,1
0,0,0,0,74.9437,0,3.913,0,0,1
0,0,0,0,76.0563,0,4.522,0,0,1
0,0,0,0,78.1025,0,8.916,0,0,1
0,0,0,0,78.1487013,0,3.255,0,0,1
0,0,0,0,87.9706983,0,2.917,0,0,1
0,0,1,0,1.25E-08,0,29.62962963,0,0,0
0,0,1,0,2.21E-08,0,45.71428571,0,0,0
0,0,1,0,2.81E-08,0,68.62745098,0,0,0
0,0,1,0,2.08E-08,0,126.744186,0,0,0
0,0,0,0,1.95E-08,0,-27.17948718,0,0,0
0,0,0,0,1.95E-08,0,-7.042253521,0,0,0
0,0,0,0,2.02E-08,0,-17.42424242,0,0,0
0,0,0,0,2.27E-08,0,-9.174311927,0,0,0
0,0,0,0,2.22E-08,0,-5.050505051,0,0,0
0,0,0,0,2.23E-08,0,-5.319148936,0,0,0
0,0,0,0,3.10E-08,0,0,0,0,0
0,0,0,0,3.31E-08,0,-2.247191011,0,0,0
0,0,0,0,2.13E-08,0,2.298850575,0,0,0
0,0,0,0,2.22E-08,0,3.370786517,0,0,0
0,0,0,0,2.23E-08,0,5.434782609,0,0,0
0,0,0,0,2.25E-08,0,-1.030927835,0,0,0
0,0,0,0,2.21E-08,0,2.083333333,0,0,0
0,0,0,0,2.36E-08,0,2.040816327,0,0,0
0,0,0,0,2.77E-08,0,1,0,0,0
0,0,0,0,2.51E-08,0,13.86138614,0,0,0
0,0,0,0,0.000000025,0,16.52173913,0,0,0
0,0,0,0,0.000000025,0,17.91044776,0,0,0
0,0,0,0,0.000000025,0,13.92405063,0,0,0
0,0,0,0,0.000000025,0,7.777777778,0,0,0
0,0,0,0,0.000000025,0,5.154639175,0,0,0
0,0,0,0,2.63E-08,0,4.901960784,0,0,0
0,0,0,0,2.50E-08,0,13.55140187,0,0,0
0,0,0,0,2.58E-08,0,-16.87242798,0,0,0
0,0,0,0,2.86E-08,0,-0.99009901,0,0,0
0,0,0,0,2.91E-08,0,4,0,0,0
0,0,0,0,2.91E-08,0,-7.692307692,0,0,0
0,0,0,0,0.000000029,0,3.125,0,0,0
0,0,0,0,0.000000029,0,0,0,0,0
0,0,0,0,2.88E-08,0,-4.04040404,0,0,0
0,0,0,0,2.88E-08,0,0,0,0,0
0,0,0,0,2.88E-08,0,3.157894737,0,0,0
0,0,0,0,2.88E-08,0,1.020408163,0,0,0
0,0,0,0,2.88E-08,0,2.02020202,0,0,0
0,1,0,0,2.89E-08,0,0,0,0,0
0,0,0,0,2.88E-08,0,-0.99009901,0,0,0
0,0,0,0,2.88E-08,0,2,0,0,0
0,0,0,0,2.89E-08,0,5.882352941,0,0,0
0,1,0,0,2.88E-08,0,7.965434021,0,0,0
0,0,0,0,2.76E-08,0,5.777758599,0,0,0
0,1,0,0,0.000000027,0,15.79827455,0,0,0
0,1,0,0,2.58E-08,0,15.67485015,0,0,0
0,0,1,0,2.46E-08,0,27.41525989,0,0,0
0,0,1,0,2.75E-08,0,29.00043489,0,0,1
0,0,1,0,2.99E-08,0,80.69990445,1,0,1
0,0,1,0,2.99E-08,0,69.00935079,0,0,1
0,0,1,0,2.99E-08,0,48.46106867,0,0,1
0,0,1,0,2.99E-08,0,101.3013176,0,0,1
0,0,1,0,2.99E-08,0,46.70755462,0,0,1
0,1,1,0,0.00000018,0,85.265,0,1,1
0,1,1,1,0.00000055,0,299.097,1,1,1
0,1,1,1,0.0000065,0,1379.476,1,1,1
0,1,1,1,0.000509262,0,949.771,1,1,1
0,1,1,1,0.005692,0,2672.23,1,1,1
0,1,1,1,0.201994,0,4146.01,1,1,1
0,1,1,1,0.262376,0,221.492,1,1,1
0,1,1,1,0.6965,0,107.429,1,1,1
0,1,1,0,5.57992,0,248.248,1,1,1
0,1,1,0,16.81784,0,325.029,1,1,1
0,1,1,0,31.94936,0,152.586,1,1,1
0,1,1,0,58.66637,0,108.893,1,1,1
0,1,1,0,79.08149,0,98.342,0,1,1
0,1,1,0,85.98779,0,43.559,0,0,1
0,1,1,0,80.77951,0,22.961,0,0,1
0,0,0,0,80.26442,0,13.305,0,0,1
0,0,0,0,75.023,0,12.249,0,0,1
0,0,0,0,75.169,0,12.465,0,0,1
0,1,0,0,89.398,0,13.721,0,0,1
0,0,0,0,92.643,0,14.48,0,0,1
0,0,0,0,95.272,0,13.484,0,0,1
0,0,0,0,95.82588521,0,10.285,0,0,1
0,0,0,0,97.56,0,8.782,0,0,1
0,0,0,0,101.49,0,7.296,0,0,1
0,0,0,0,209.9498515,0,6.818181818,0,0,0
0,0,0,0,245.2998265,0,12.76595745,0,0,0
0,1,0,0,245.4498264,0,3.773584906,0,0,0
0,0,0,0,245.1298266,0,10.90909091,0,0,1
0,0,0,0,245.0648267,0,6.557377049,0,0,1
0,0,0,0,245.0048267,0,7.692307692,0,0,1
0,0,0,0,245.0998266,0,3.714285714,0,0,1
0,0,0,0,245.0048267,0,10.05509642,0,0,1
0,0,0,0,245.0748266,0,9.386733417,0,0,1
0,0,0,0,247.5898249,0,2.745995423,0,0,1
0,0,0,0,245.4248264,0,1.893095768,0,0,1
0,0,0,0,247.404825,0,4.808743169,0,0,1
0,0,0,0,277.9148034,0,0.521376434,0,0,1
0,0,0,0,276.0248048,0,3.734439834,0,0,1
0,0,1,0,261.2248152,0,27.69953052,0,0,1
0,0,0,0,256.0498189,0,-8.823529412,0,0,1
0,0,0,0,235.4248335,0,5.64516129,0,0,1
0,0,0,0,222.2248428,0,9.541984733,0,0,1
0,0,0,0,224.2748413,0,16.02787456,0,0,1
1,0,0,1,248.4873242,0,10.51051051,0,0,1
1,0,0,1,235.2498335,0,11.14130435,0,0,1
1,0,0,1,208.9998521,0,11.49144254,0,0,1
1,0,0,1,200.9998578,0,9.210526316,0,0,1
1,0,0,1,225.7998402,0,13.3,0,0,1
1,0,0,1,287.3997967,0,14.66,0,1,1
1,0,0,1,336.2497621,0,13.243,0,0,1
0,0,0,0,417.3747047,0,14.558,0,1,1
0,0,0,0,479.5996607,0,2.604,0,1,1
0,0,0,0,378.0497326,0,10.457,0,1,1
0,0,0,0,322.7497717,0,2.411,0,1,1
0,0,0,0,266.9998111,0,-6.986,0,1,1
1,0,0,1,302.9497857,0,-3.934,0,1,1
1,0,0,1,289.3997953,0,0.645,0,1,1
1,0,0,1,256.4498186,0,-0.203,0,1,1
1,0,0,1,258.9998168,0,-2.848,0,1,1
1,0,0,1,275.3248052,0,-0.757,0,1,1
1,0,0,1,294.7747915,0,-2.909,0,1,1
1,1,1,1,534.5996218,0,24.55,0,1,1
1,0,0,1,489.9996534,0,19.2,0,1,1
1,0,0,1,523.6996296,0,3.723,0,1,1
1,0,0,1,598.8095764,0,1.597,0,1,1
1,0,0,1,562.2096023,0,-1.871,0,1,1
1,0,0,1,652.9534143,0,-1.415,0,1,1
0,0,0,0,704.9511016,0,3.202,0,1,1
0,0,0,0,744.3061387,0,3.843,0,1,1
0,0,0,0,625.4953752,0,2.298,0,1,1
0,0,0,0,519.3642122,0,4.353,0,1,1
0,0,0,0,481.5777109,0,-2.244,0,1,1
0,0,0,0,556.0371281,0,2.885,0,1,1
0,0,0,0,498.0690964,0,6.694,0,1,1
0,0,0,0,445.5926907,0,0.935,0,1,1
0,0,0,0,471.3350578,0,9.262,0,1,1
0,0,0,0,455.3359711,0,3.522,0,1,1
0,0,0,0,490.9122886,0,1.491,0,1,1
0,0,0,0,506.9611253,0,1.195,0,1,1
0,0,0,0,497.1631044,0,5.874,0,1,1
0,0,0,0,475.6413603,0,6.552,0,1,1
0,0,0,0,540.2825138,0,11.584,0,1,1
0,0,0,0,0,0,16.21609969,0,0,0
0,0,0,0,0,0,2.326185353,0,0,0
0,0,0,0,0,0,-2.273304086,0,0,0
0,0,0,0,0,0,2.326185353,0,0,0
0,0,0,0,0,0,4.54479533,0,0,0
0,0,0,0,0,0,13.04340287,0,0,0
0,0,1,0,0,0,21.15476063,0,0,0
0,0,0,0,0,0,6.348281887,0,0,0
0,0,0,0,0,0,-2.152483452,0,0,1
0,0,0,0,0,0,14.43033046,0,0,1
0,0,0,0,0,0,-0.177568901,0,0,1
0,0,0,0,0,0,8.719549217,0,0,1
0,0,0,0,0,0,-3.169044947,0,0,1
0,0,0,0,0,0,1.757528693,0,0,1
0,0,0,0,0,0,4.665098294,0,0,1
0,0,0,0,0,0,2.766186537,0,0,1
0,0,0,0,0,0,7.747595621,0,0,1
0,0,0,0,0,0,2.502927383,0,0,1
0,0,0,0,278,0,8.075116891,0,0,1
0,0,0,0,264,0,-1.07225635,0,0,1
0,0,0,0,255.5,0,1.194615424,0,0,1
0,0,0,0,238,0,12.9325741,0,0,1
0,0,0,0,222,0,18.22418299,0,0,1
0,0,0,0,220,0,10.61769304,0,0,1
0,0,0,0,247,0,12.90885269,0,0,1
0,0,1,0,236,0,24.48243736,0,0,1
0,0,0,0,243.5,0,16.03173523,0,0,1
0,0,1,0,205,0,21.75954473,0,0,1
0,0,0,0,221,0,8.81,0,0,1
0,0,0,0,290,0,8.682,0,0,1
0,0,0,0,352,0,7.389,0,0,1
0,0,0,0,450,0,5.879,0,1,1
0,0,0,0,486.5,0,4.281,0,1,1
0,0,0,0,380,0,1.753,0,1,1
0,0,0,0,319,0,6.837,0,1,1
0,0,0,0,277,0,6.978,0,1,1
1,0,0,1,310,0,6.935,0,1,1
1,0,0,1,305,0,0.986,0,1,1
1,0,0,1,267,0,-0.658,0,1,1
1,0,0,1,265,0,1.575,0,1,1
0,0,0,0,278,0,4.218,0,1,1
0,0,0,0,297,0,2.13,0,1,1
0,1,1,0,540,0,25.956,0,1,1
0,0,0,0,495,0,14.1,0,1,1
0,0,0,0,525.7,0,2.7,0,1,1
0,0,0,0,616,0,6.301,0,1,1
0,0,0,0,576,0,5.219,0,1,1
0,0,0,0,0,0,0.92,0,0,1
0,0,0,0,0,0,-0.381,0,1,1
0,0,0,0,0,0,4.355,0,1,1
0,0,0,0,0,0,3.08,0,1,1
0,0,0,0,0,0,3.297,0,1,1
0,0,0,0,0,0,1.459,0,1,1
0,0,0,0,0,0,3.884,0,1,1
0,0,0,0,0,0,2.466,0,1,1
0,0,0,0,0,0,1.896,0,1,1
0,0,0,0,0,0,6.315,0,1,1
0,0,0,0,0,0,1.009,0,1,1
0,0,0,0,0,0,1.8,0,1,1
0,0,0,0,0,0,4.448,0,1,1
0,0,0,0,0,0,1.3,0,1,1
0,0,0,0,0,0,2.584,0,0,1
0,0,0,0,0,0,0.449,0,0,1
0,0,0,0,0.20661157,0,5.944477972,0,0,1
0,0,0,0,0.20661157,0,5.952720023,0,0,1
0,0,0,0,0.20661157,0,5.940860215,0,0,1
0,0,0,0,0.20661157,0,5.95026643,0,0,1
0,0,0,0,0.20661157,0,5.951383068,0,0,1
0,0,0,0,0.20661157,0,5.944846293,0,0,1
0,0,0,0,0.20661157,0,5.941967143,0,0,1
0,0,0,0,0.20661157,0,5.95106233,0,0,1
0,0,0,0,0.20661157,0,5.94943927,0,0,1
0,0,0,0,0.1967,0,5.938284894,0,0,1
0,0,0,0,0.196,0,5.952582557,0,0,1
0,0,0,0,0.1978,0,12.97850236,0,0,1
0,0,0,0,0.1984,0,-4.201740115,0,0,1
0,0,0,0,0.197,0,-4.171896921,0,0,1
0,0,0,0,0.198,0,1.556480197,0,0,1
0,0,0,0,0.1941,0,-8.528072838,0,0,1
0,0,0,0,0.1983,0.4,-10.87425348,0,1,1
0,0,0,0,0.1955,0.4,-0.43741275,0,1,1
0,0,0,0,0.1967,0.4,-0.514114788,0,1,1
0,0,0,0,0.1981,0.4,10.55153622,0,1,1
0,0,0,0,0.201,0.4,1.784803672,0,1,1
0,0,0,0,0.2,0,-12.40814963,0,0,1
0,0,0,0,0.1998,0,4.232602479,0,0,1
0,0,0,0,0.1998,0,-2.231571246,0,0,1
0,0,0,0,0.2003,0,-0.477081384,0,0,1
0,0,0,0,0.1991,0,-6.438575054,0,0,1
0,0,0,0,0.2007,0,3.616636528,0,0,1
0,0,0,0,0.1999,0,-2.840798914,0,0,1
0,0,0,0,0.1987,0,-6.216944417,0,0,1
0,0,0,0,0.2005,0,-12.33241115,0,0,1
0,0,0,0,0.2003,0,7.949993931,0,0,1
0,0,0,0,0.201,0,10.17539915,0,0,1
0,0,0,0,0.1993,0,1.959383611,0,0,1
0,0,0,0,0.1983,0,-13.92253028,0,0,1
0,0,0,0,0.199,0,-4.953488372,0,0,1
0,0,0,0,0.1971,0,-5.578664057,0,0,1
0,0,0,0,0.1976,0,9.70458668,0,0,1
0,0,0,0,0.1986,0,2.846344632,0,0,1
0,0,0,0,0.1985,0,14.21681213,0,0,1
0,0,0,0,0.1951,0,-6.374422378,0,0,1
0,0,0,0,0.1999,0,7.388316151,0,0,1
0,0,0,0,0.1975,0,0.11,0,0,1
0,0,0,0,0.1988,0,-0.549395665,0,0,1
0,0,0,0,0.2009,0,-7.533145842,0,0,1
0,0,0,0,0.1994,0,-2.639582881,0,0,1
0,0,0,0,0.201,0,15.36315966,0,0,1
0,0,0,0,0.2003,0,9.448742747,0,0,1
1,0,0,1,0.2006,0,1.307767076,0,0,1
0,0,0,0,0.1994,0,8.87047536,0,0,1
0,0,0,0,0.1995,0,1.185707419,0,0,1
0,0,0,0,0.1999,0,-11.7418844,0,0,1
0,0,0,0,0.1996,0,1.291827398,0,0,1
0,0,0,0,0.1998,0,6.24391108,0,0,1
0,0,0,0,0.2007,0,11.40380127,0,0,1
0,0,0,0,0.1996,0,-1.137384017,0,0,1
0,0,0,0,0.206,0,-16.00060551,0,0,1
0,0,0,0,0.2049,0,19.326921,0,0,1
0,0,1,0,0.2049,0,35.4800225,0,0,1
0,0,0,0,0.2042,0,18.04671609,0,0,1
0,0,0,0,0.2554,0,12.1743099,0,0,1
0,0,1,0,0.2787,0,20.60262757,0,0,1
0,0,0,0,0.2343,0,-28.50213688,0,0,1
0,0,0,0,0.2112,0,-11.8067676,0,0,1
0,0,0,0,0.2244,0,-10.90447887,0,0,1
0,0,0,0,0.2074,0,7.201266764,0,0,1
0,0,0,0,0.2008,0,5.682103785,0,0,1
0,0,0,0,0.2011,0,-11.35479535,0,0,1
0,0,0,0,0.1998,0,-8.356955722,0,0,1
0,0,0,0,0.201,0,4.5057024,0,0,1
0,0,0,0,0.1998,0,-3.339660342,0,0,1
0,0,0,0,0.2008,0,-6.922294859,0,0,1
1,0,0,1,0.289,0,-5.020231154,0,0,1
0,0,0,0,0.2975,0,-10.84823995,0,0,1
0,0,0,0,0.1906,0,-9.7931274,0,0,1
0,0,1,0,0.1971,0,23.96925479,0,0,1
0,0,0,0,0.1979,0,5.648570427,0,0,1
0,0,0,0,0.1987,0,-7.249727068,0,0,1
0,0,0,0,0.1952,0,-1.022813275,0,0,1
0,0,0,0,0.2088,0,11.43314281,0,0,1
0,0,0,0,0.2481,0,-1.435148115,0,0,1
0,0,0,0,0.2416,0,10.38362042,0,0,1
0,0,1,0,0.2416,0,24.18818835,0,0,1
0,0,1,0,0.2416,0,40.76638415,0,0,1
0,0,0,0,0.2416,0,17.48643148,0,0,1
0,0,0,0,0.2416,0,11.37938502,0,0,1
0,0,0,0,0.2416,0,0,0,0,1
0,0,0,0,0.2416,0,2.119179547,0,0,1
0,0,0,0,0.2416,0,-3.112803427,0,0,1
0,0,0,0,0.2416,0,0.713958211,0,0,1
0,1,0,0,0.3484,0,0,0,0,1
0,0,0,0,0.3484,0,8.510015609,0,0,1
0,0,0,0,0.3484,0,7.599868141,0,0,1
0,0,0,0,0.3484,0,-10.25483916,0,0,1
0,0,0,0,0.3484,0,-0.952735624,0,0,1
0,0,0,0,0.3484,0,-2.885699962,0,0,1
0,0,0,0,0.3484,0,0,0,0,1
0,0,0,0,0.3484,0,3.961929343,0,0,1
0,0,0,0,0.3509,0,3.249231915,0,0,1
0,0,0,0,0.3509,0,-1.340547039,0,0,1
0,0,0,0,0.3509,0,0.694613697,0,0,1
0,0,0,0,0.3509,0,0.726128525,0,0,1
0,0,0,0,0.3509,0,1.17746005,0,0,1
0,1,0,0,0.4348,0,-4.203776274,0,0,1
0,0,0,0,0.4348,0,2.060865254,0,0,1
0,0,0,0,0.4348,0,7.824338769,0,0,1
0,0,0,0,0.4348,0,13.12090131,0,0,1
0,0,0,0,0.4348,0,6.693697414,0,0,1
0,0,0,0,0.4348,0,0.119617553,0,0,1
0,0,0,0,0.4348,0,0.455818017,0,0,1
0,0,0,0,0.4348,0,3.676736584,0,0,1
0,0,0,0,0.4348,0,3.36871659,0,0,1
0,0,0,0,0.4348,0,2.942979233,0,0,1
0,0,0,0,0.4348,0,2.424102664,0,0,1
0,0,0,0,0.4348,0,5.740312478,0,0,1
0,0,0,0,0.3913,0,10.64040499,0,0,1
0,0,0,0,0.3913,0,9.899265451,0,0,1
0,0,0,0,0.3913,0,10.29192345,0,0,1
0,0,0,0,0.3913,0,11.61462645,0,0,1
0,0,0,0,0.3913,0,11.27087249,0,0,1
0,1,0,0,0.7,0,9.90279235,0,0,1
1,0,1,0,0.699999999,0,20.5,0,0,1
1,0,0,1,0.699999999,0,10.4,0,0,1
1,0,0,1,0.699999999,0,14.9,0,0,1
1,0,0,1,0.699999999,0,15.982,0,0,1
0,0,0,0,0.7,0.4,17.06,0,1,1
0,0,0,0,0.7,0,12.108,0,0,1
0,0,1,0,0.7,0,23.9,0,0,1
0,0,1,0,0.7,0,25.185,0,0,1
0,0,0,0,0.7,0,15.185,0,0,1
0,1,1,0,1.1,0,20.129,0,0,1
0,1,1,1,2,0,21.219,0,0,1
0,1,0,1,3.33221,0,14.737,0,0,1
0,0,1,1,3.33861,0,21.142,0,0,1
0,0,0,1,3.3718,0,11.042,0,0,1
0,0,0,1,3.391,0,9.046,0,0,1
0,0,0,1,3.39,0,9.361,0,0,1
0,0,0,0,3.388,0,7.095,0,0,1
0,0,0,0,3.388,0,6.167,0,0,1
0,0,0,0,3.388,0,5.041,0,0,1
0,0,0,0,3.405,0,3.745,0,0,1
0,0,0,0,3.69,0,2.849,0,0,1
0,1,0,0,4.49,0,2.431,0,0,1
0,0,0,0,4.5,0,3.21,0,0,1
0,1,0,0,6.1532,0,0,0,0,1
0,0,0,0,6.1314,0,8.106,0,0,1
0,0,0,0,5.7322,0,8.826,0,0,1
0,0,0,0,5.7036,0,4.202,0,0,1
0,0,0,0,5.5038,0,10.959,0,0,1
0,0,0,0,5.5041,0,11.698,0,0,1
0,0,0,0,5.4754,0,16.24,0,0,1
0,0,0,0,5.7926,0,11.69,0,0,1
0,0,0,0,6.0169,0,11.09,0,0,1
0,0,0,0,6.3057,0,8.65,0,0,1
0,0,0,0,6.94,0,6.914,0,0,1
0,0,0,0,7.15,0,10.099,0,0,1
0,0,0,0,4.9582,0,9.339830607,0,0,0
0,0,0,0,4.9582,0,3.522920204,0,0,0
0,0,0,0,7.1428,0,8.553710537,0,0,0
0,0,0,0,7.1428,0,10.87767339,0,0,0
0,0,0,0,7.1428,0,6.450926123,0,0,0
0,0,0,0,7.1428,0,3.032,0,0,0
0,0,0,0,7.1429,0,4.410280301,0,0,0
0,0,0,0,7.1429,0,6.369450435,0,0,0
0,0,0,0,7.1429,0,1.786276086,0,0,0
0,0,0,0,7.1429,0,2.630675184,0,0,0
0,0,0,0,7.1429,0,0,0,0,0
0,0,0,0,7.1429,0,0.856645697,0,0,0
0,0,0,0,7.1429,0,0.846051758,0,0,0
0,0,0,0,7.1429,0,2.520151341,0,0,0
0,0,0,0,7.1429,0,2.740605244,0,0,0
0,0,0,0,7.1429,0,0,0,0,1
0,0,0,0,7.1429,0,-0.285715557,0,0,1
0,0,0,0,7.1429,0,5.762329909,0,0,1
0,0,0,0,7.1429,0,3.761913134,0,0,1
0,0,0,0,7.1429,0,0.537398087,0,0,1
0,0,0,0,7.1429,0,0.661865236,0,0,1
0,0,0,0,7.1429,0,-0.131090559,0,0,1
0,0,0,0,7.1429,0,1.832593812,0,0,1
0,0,0,0,7.1429,0,5.614773537,0,0,1
0,0,0,0,7.1429,0,4.52521913,0,0,1
0,0,0,0,6.9,0,12.66289775,0,0,1
0,0,0,0,7.1429,0,16.41376144,0,0,1
0,0,0,0,7.1429,0,19.7347384,0,0,1
0,1,0,0,8.27,0,9.527607326,0,0,1
0,0,0,0,7.9471,0,18.01088176,0,0,1
0,0,0,0,7.1588,0,15.35621451,0,0,1
0,0,0,0,7.3276,0,8.080283232,0,0,1
0,0,0,0,7.568499999,0,13.866,0,0,1
0,1,0,0,10.2862,0,7.895,0,0,1
0,1,0,0,12.7249,0,13.821,0,0,1
0,0,0,0,13.7959,0,11.603,0,0,1
0,0,1,0,15.7813,0,20.667,0,0,1
1,0,0,1,16.2843,0,11.398,0,0,1
1,0,0,1,16.0422,0,10.284,0,0,1
1,0,0,1,16.5149,0,13.007,0,0,1
1,0,0,1,18.5994,0,4.804,0,0,1
1,1,0,0,21.601,0,7.617,0,0,1
0,0,0,0,24.0841,0,11.2,0,0,1
0,1,0,0,28.0741,0,19.104,0,0,1
1,1,1,1,36.2163,0,27.332,0,0,1
1,1,1,1,68.1631,0,45.979,0,0,1
1,0,1,1,44.8389,0,28.814,0,1,1
1,0,0,1,55.9389,0,1.554,0,1,1
1,0,0,0,55.0211,0,8.862,0,1,1
1,0,0,0,62.6778,0,11.924,0,1,1
1,0,0,0,61.9056,0,6.716,0,1,1
1,1,0,0,72.9306,0,5.753,0,0,1
0,0,0,0,78.0361,0,9.955,0,1,1
0,0,0,0,78.6,0,5.824,0,0,1
0,0,0,0,77.0722,0,2.156,0,0,1
0,0,0,0,76.1389,0,5.983,0,0,1
0,0,0,0,77.3444,0,8.381,0,0,1
0,0,0,0,72.3667,0,7.823,0,0,1
0,0,0,0,69.3967,0,6.041,0,0,1
0,0,0,0,62.675,0,4.265,0,0,1
0,1,0,0,77.71111111,0,15.101,0,0,1
0,0,0,0,75.82,0,10.552,0,0,1
0,0,0,0,80.75194444,0,4.309,0,0,1
0,0,0,0,85.0681,0,14.022,0,0,1
0,0,0,0,86.0008,0,9.378,0,0,1
0,0,0,0,86.31,0,5.717,0,0,1
0,0,0,0,89.35,0,6.878,0,0,1
0,0,0,0,3.3085,0,-9.090909091,0,0,0
0,0,1,0,3.3085,0,31.99785465,0,0,0
0,0,0,0,4.7619,0,1.023932388,0,0,0
0,0,0,0,4.7619,0,4.904878735,0,0,0
0,0,0,0,4.79201,0,11.15115499,0,0,0
0,0,0,0,4.74495,0,1.941981994,0,0,0
0,0,0,0,4.74292,0,-0.634431887,0,0,0
0,0,0,0,4.78754,0,0.956872627,0,0,0
0,0,0,0,4.75544,0,-0.315372291,0,0,0
0,0,0,0,4.78651,0,2.857481221,0,0,0
0,0,0,0,4.66297,0,-0.926032535,0,0,0
0,0,0,0,4.75764,0,0.622571969,0,0,0
0,0,0,0,4.76189,0,-0.618719992,0,0,0
0,0,0,0,4.75544,0,1.8693761,0,0,0
0,0,0,0,4.74816,0,-0.612777053,0,0,0
0,0,0,0,4.75764,0,0.798570117,0,0,0
0,0,0,0,4.76768,0,1.753672463,0,0,1
0,0,0,0,4.77879,0,1.8269885,0,0,1
0,0,0,0,4.75714,0,1.893322561,0,0,1
0,0,0,0,4.77862,0,2.982014118,0,0,1
0,0,0,0,5.541,0,2.937830401,0,0,1
0,0,0,0,5.59189,0,5.329676052,0,0,1
0,0,0,0,5.55392,0,2.978677387,0,0,1
0,0,0,0,5.57016,0,0.011228728,0,0,1
0,0,0,0,5.22362,0,1.886196037,0,0,1
0,0,0,0,5.6783,0,5.551930333,0,0,1
0,0,1,0,5.7392,0,20.82296472,0,0,1
0,0,1,0,5.6774,0,23.79801683,0,0,1
0,0,0,0,6.5892,0,15.20534955,0,0,1
0,0,0,0,6.639,0,10.75945144,0,0,1
0,0,0,0,6.3503,0,9.794534493,0,0,1
0,0,0,0,5.921,0,9.063188827,0,0,1
0,1,1,0,7.5855,0,23.21616753,0,0,1
0,0,1,0,7.8349,0,33.04,0,0,1
0,1,1,0,10.3293,0,26.45,0,0,1
0,0,0,0,10.8605,0,13.384,0,0,1
0,1,0,0,12.7233,0,7.452,0,0,1
0,1,0,0,15.6033,0,5.525,0,0,1
0,0,0,0,14.31,0,8.321,0,0,1
0,0,0,0,13.1367,0,4.336,0,0,1
0,0,0,0,12.1752,0,0.719,0,0,1
0,0,0,0,13.8337,0,3.6,0,0,1
0,0,0,0,14.996,0,13.61,0,0,1
0,0,0,0,14.322,0,10.705,0,0,1
0,0,0,0,14.7939,0,12.817,0,0,1
0,0,0,0,16.998,0,2.857,0,0,1
0,0,0,0,18.6558,0,15.288,0,0,1
0,0,0,0,17.8626,0,7.335,0,0,1
0,0,0,0,17.6641,0,6.026,0,0,1
0,0,0,1,17.9715,0,6.553,0,0,1
0,1,0,0,22.265,0,6.831,0,0,1
0,0,0,0,24.7835,0,6.808,0,0,1
0,0,0,0,25.468,0,6.872,0,0,1
0,0,0,0,27.8817,0,4.23,0,0,1
0,0,0,0,30.3942,0,5.391,0,0,1
0,0,0,0,29.1968,0,6.414,0,0,1
0,0,0,0,26.0877,0,3.931,0,0,1
0,0,0,0,28.2044,0,4.703,0,0,1
0,0,0,0,30.6666,0,4.921,0,0,1
0,0,0,0,34.3368,0,8.93,0,0,1
0,0,0,0,28.2162,0,8.827,0,0,1
0,0,0,0,31.7555,0,9.731,0,0,1
0,0,0,0,30.2905,0,2.516,0,0,1
0,0,0,0,30.39,0,2.929,0,0,1
0,0,0,0,29.33,0,6.526,0,0,1
0,0,0,0,30.52,0,4.902,0,0,1
0,0,0,0,30.12512987,0,4.131,0,0,1
0,0,0,0,31.7374584,0,3.772,0,0,1
0,0,1,0,0.917,0,25,0,0,0
0,0,1,0,0.917,0,32,0,0,0
0,0,1,0,0.75,0,38.1935295,0,0,0
0,1,1,0,0.5,0,28.50635593,0,0,0
0,1,1,0,0.5674,0,34.8116396,0,0,0
0,0,0,0,0.5657,0,18.98618075,0,0,0
0,0,1,0,1.2228,0,56.75522894,0,0,0
0,1,1,0,1.2228,0,57.47303544,0,0,0
0,0,1,0,1.2228,0,40.14656285,0,0,0
0,1,1,0,2.197,0,22.99979203,0,0,0
0,1,0,0,3.5824,0,1.625584232,0,0,0
0,0,1,0,3.5824,0,23.2010648,0,0,0
0,0,0,0,3.5824,0,5.194366741,0,0,0
0,0,0,0,3.5824,0,-1.234239604,0,0,0
0,0,0,0,3.5824,0,2.49932689,0,0,0
0,0,0,0,3.5824,0,5.86226574,0,0,0
0,0,0,0,3.5824,0,5.714750199,0,0,1
0,0,0,0,3.5875,0,2.317242942,0,0,1
0,1,0,0,4.2958,0,4.383973421,0,0,1
0,1,0,0,4.908,0,-2.171161818,0,0,1
0,0,0,0,5.0605,0,2.219347442,0,0,1
0,0,0,0,5.0605,0,2.27574134,0,0,1
0,0,0,0,5.0241,0,5.408269117,0,0,1
0,0,0,0,5.0226,0,5.738828475,0,0,1
0,0,0,0,5.0226,0,4.233330742,0,0,1
0,0,0,0,5.0235,0,2.481368989,0,0,1
0,0,0,0,5.0265,0,-0.234959675,0,0,1
0,0,0,0,5.0276,0,-1.126519599,0,0,1
0,0,0,0,5.0409,0,1.138535071,0,0,1
0,0,0,0,5.0493,0,1.691647635,0,0,1
0,0,0,0,5.0269,0,1.915840245,0,0,1
0,0,0,0,4.76,0,4.397441072,0,0,1
0,0,0,0,4.5569,0,3.211368966,0,0,1
0,0,0,0,3.8851,0,7.193348119,0,0,1
0,0,0,0,4.1548,0,15.97890765,0,0,1
0,0,0,0,3.8379,0,7.00696628,0,0,1
0,0,0,0,4.2041,0,10.97328486,0,0,1
0,0,0,0,4.32,0,10.81415052,0,0,1
0,0,0,0,3.88645,0,9.720054887,0,0,1
0,0,0,0,3.7388,0,8.651393052,0,0,1
0,0,0,0,4.334149999,0,9.408,0,0,1
0,0,0,0,5.333349999,0,12.493,0,0,1
0,0,0,0,6.267549999,0,10.528,0,0,1
1,0,0,1,8.060999999,0.13,6.208,0,1,1
1,0,0,1,9.551199999,0,12.448,0,0,1
0,1,0,0,9.621299999,0,7.729,0,0,1
0,0,0,0,8.7117,0.13,8.734,0,1,1
0,0,0,0,7.8003,0.13,2.699,0,1,1
0,0,0,0,8.2106,0.13,2.369,0,1,1
0,0,0,0,8.1218,0.13,3.138,0,1,1
0,0,0,0,8.0429,0.13,6.026,0,1,1
0,0,0,0,8.1499,0,8.991,0,0,1
0,0,0,0,9.0487,0,5.74,0,0,1
0,0,0,0,9.6512,0,5.183,0,0,1
0,0,0,0,8.9596,0,5.142,0,0,1
0,0,0,0,8.4689,0,6.124,0,0,1
0,0,0,0,8.7995,0,2.987,0,0,1
0,0,0,0,9.7141,0,1.041,0,0,1
0,0,0,0,9.2551,0,2.745,0,0,1
0,0,0,0,10.087,0,0.69,0,0,1
0,0,0,0,10.619,0,1.923,0,0,1
0,0,0,0,11.56,0,0.613,0,0,1
0,0,0,0,10.167,0,2.779,0,0,1
0,0,0,0,8.7499,0,1.163,0,0,1
0,0,0,0,8.2177,0,1.493,0,0,1
0,0,0,0,9.2494,0,0.983,0,0,1
0,0,0,0,8.4566,0,3.285,0,0,1
0,0,0,0,7.7132,0,2.036,0,0,1
0,0,0,0,8.0982,0,3.891,0,0,1
0,0,0,0,7.8601,0,0.972,0,0,1
0,0,0,0,8.3569,0,0.994,0,0,1
0,0,0,0,8.5772,0,0.907,0,0,1
0,0,0,0,8.4335,0,1.287,0,0,1
0,0,0,0,8.15,0,1.881,0,0,1
0,0,0,0,8.82,0,0.443,0,0,1
0,0,0,0,0,0,3.10291645,0,0,0
0,0,0,0,0,0,6.173562277,0,0,0
0,0,0,0,0,0,6.862909067,0,0,0
0,0,0,0,0,0,1.546396847,0,0,0
0,0,0,0,0,0,-3.399990138,0,0,0
0,0,0,0,0,0,4.707596881,0,0,0
0,0,0,0,0,0,4.325727898,0,0,1
0,0,0,0,0,0,6.217386806,0,0,1
0,0,0,0,0,0,2.911602856,0,0,1
0,0,0,0,0,0,-1.028492383,0,0,1
0,0,0,0,0,0,0.938030761,0,0,1
0,0,0,0,0,0,4.601492449,0,0,1
0,0,0,0,0,0,8.140460297,0,0,1
0,0,0,0,0,0,-4.55304656,0,0,1
0,0,0,0,0,0,2.733415482,0,0,1
0,0,0,0,0,0,11.00320434,0,0,1
0,0,0,0,0,0,13.41347233,0,0,1
0,0,0,0,0,0,15.47842436,0,0,1
0,0,0,0,0,0,-0.008248214,0,0,1
0,1,0,0,0.657894999,0,11.67346946,0,0,1
0,0,0,0,0.616218881,0,11.25943742,0,0,1
0,0,1,0,0.614665929,0,38.50391131,0,0,1
0,0,0,0,0.631074088,0,18.33643443,0,0,1
0,0,1,0,0.651380928,0,22.3551061,0,0,1
0,0,0,0,0.64808814,0,15.78133117,0,0,1
0,0,0,0,0.570613409,0,10.06822352,0,0,1
0,0,0,0,0.544454729,0,9.97,0,0,1
0,1,0,0,0.636902109,0,20.555,0,0,1
0,0,1,0,0.670241287,0,5.882,0,0,1
0,0,0,0,0.748559024,0,22.222,0,0,1
0,0,1,0,0.808276754,0,40.909,0,0,1
0,1,1,0,0.99960016,0,3.226,0,0,1
0,1,0,0,3.316749585,0,6.25,0,0,1
0,1,0,0,4.140786749,0,11.765,0,1,1
0,1,0,0,5.353319058,0,34.211,0,1,1
0,1,1,0,7.651109411,0,49.02,0,1,1
0,1,1,0,9.00090009,0,7.895,0,1,1
1,1,0,1,19.64636542,0,44.565,0,1,1
1,0,1,1,21.88183807,0,57.143,0,1,1
1,0,1,1,21.99736032,0,57.416,0,1,1
1,0,1,1,21.88662727,0,72.729,0,0,1
0,0,1,0,21.8861,0,29.292,0,0,1
0,0,1,1,21.886,0,10.673,0,0,1
0,0,0,0,21.886,0,7.862,0,0,1
0,1,0,0,97.95,0,6.618,0,0,1
0,0,0,0,109.55,0,6.938,0,0,1
0,0,0,0,112.95,0,18.869,0,0,1
0,0,0,0,126.4,0,12.883,0,0,1
0,0,0,0,136.5,0,14.033,0,0,1
0,0,0,0,132.35,0,15.001,0,1,1
0,0,0,0,129,0,17.856,0,1,1
0,0,0,0,128.27,0,8.218,0,0,1
0,0,0,0,117.968,0,5.413,0,0,1
0,0,0,0,132.5625,0,11.581,0,0,1
1,0,0,1,149.581,0,12.543,0,0,1
1,0,0,1,150.6617,0,13.72,0,0,1
1,0,0,1,158.267,0,10.841,0,0,1
1,0,0,1,155.27,0,12.225,0,0,1
1,0,0,1,155.2,0,8.495,0,0,1
1,0,0,1,155.25,0,8.048,0,0,1
0,0,0,0,0.2061,0,4.109589041,0,0,0
0,0,0,0,0.2045,0,9.204368175,0,0,0
0,0,0,0,0.2049,0,2.414285714,0,0,0
0,0,0,0,0.2047,0,-8.236853118,0,0,0
0,0,0,0,0.20455,0,-5.130348864,0,0,0
0,0,0,0,0.20485,0,-6.753725365,0,0,0
0,0,0,0,0.2053,0,-7.251482086,0,0,0
0,0,0,0,0.20405,0,-1.556276054,0,0,0
0,0,0,0,0.2052,0,-1.590288887,0,0,0
0,0,0,0,0.2049,0,4.838401224,0,0,0
0,0,0,0,0.2048,0,15.38672018,0,0,1
0,0,0,0,0.2051,0,3.999683819,0,0,1
0,0,0,0,0.20485,0,2.561374173,0,0,1
0,0,0,0,0.20485,0,1.252408478,0,0,1
0,0,0,0,0.18925,0,1.236917222,0,0,1
0,0,0,0,0.2063,0,4.87275882,0,0,1
0,0,0,0,0.20965,0,5.81828209,0,0,1
0,0,0,0,0.20985,0,9.889250814,0,0,1
0,0,0,0,0.2098,0,7.001422812,0,0,1
0,0,0,0,0.20985,0,0.93079949,0,0,1
0,0,1,0,0.2532,0,35.18691332,0,0,1
0,0,0,0,0.2406,0,-18.07365899,0,0,1
0,0,0,0,0.21695,0,-3.95519429,0,0,1
0,0,0,0,0.21295,0,0.758592218,0,0,1
0,0,0,0,0.21295,0,0,0,0,1
0,0,0,0,0.20575,0,-1.505761844,0,0,1
0,0,0,0,0.2056,0,-1.523581717,0,0,1
0,0,0,0,0.2065,0,2.323371,0,0,1
0,0,0,0,0.2065,0,-0.758592218,0,0,1
0,0,0,0,0.2065,0,-1.523581717,0,0,1
0,0,0,0,0.2065,0,-2.328651389,0,0,1
0,0,0,0,0.2065,0,-3.968211061,0,0,1
0,0,0,0,0.2084,0,-5.432640883,0,0,1
0,1,0,0,0.19635,0,2.39909513,0,0,1
0,0,0,0,0.1963,0,-1.453403872,0,0,1
0,0,0,0,0.20385,0,-0.44835113,0,0,1
0,0,0,0,0.2008,0,0.906666667,0,0,1
0,0,0,0,0.202,0,5.63777308,0,0,1
0,0,0,0,0.2012,0,-0.32243718,0,0,1
0,0,0,0,0.21565,0,0.858895706,0,0,1
0,1,0,0,0.25125,0,3.926122539,0,0,1
0,0,0,0,0.25125,0,6.02851974,0,0,1
0,0,0,0,0.25125,0,8.671651528,0,0,1
0,0,0,0,0.25125,0,4.964211498,0,0,1
0,0,0,0,0.25125,0,3.884733832,0,0,1
0,0,0,0,0.2497,0,0.762291958,0,0,1
0,0,0,0,0.2497,0,6.060606061,0,0,1
0,0,0,0,0.3077,0,4.287695661,0,0,1
0,0,0,0,0.28985,0,6.847285025,0,0,1
0,0,0,0,0.31745,0,2.564102564,0,0,1
0,1,0,0,0.35715,0,6.875866852,0,0,1
0,0,0,0,0.35715,0,7.653375726,0,0,1
0,0,0,0,0.35715,0,6.609004882,0,0,1
0,0,0,0,0.35715,0,0.777385159,0,0,1
0,0,0,0,0.35715,0,3.8457223,0,0,1
0,0,0,0,0.35715,0,1.699035682,0,0,1
0,0,0,0,0.35715,0,1.888446215,0,0,1
0,0,0,0,0.3568,0,3.263731394,0,0,1
0,0,0,0,0.3554,0,3.160578598,0,0,1
0,0,0,0,0.35555,0,0.785513275,0,0,1
0,0,0,0,0.3557,0,1.583062206,0,0,1
0,0,0,0,0.3557,0,2.079449304,0,0,1
0,0,0,0,0.3557,0,1.325278636,0,0,1
0,0,0,0,0.3573,0,1.005222535,0,0,1
0,0,0,0,0.3576,0,4.141937863,0,0,1
0,0,0,0,0.3571,0,3.489437844,0,0,1
0,0,0,0,0.3571,0,3.638360819,0,0,1
0,1,0,0,0.7093,0,2.151507653,0,0,1
0,0,0,0,0.7119,0,3.045535464,0,0,1
0,0,0,0,0.7149,0,3.812391596,0,0,1
0,0,0,0,0.7131,0,4.882526907,0,0,1
0,0,0,0,0.696,0,6.705448811,0,0,1
0,0,0,0,0.7394,0,8.431511329,0,0,1
0,0,0,0,0.6667,0,10.76861601,0,0,1
0,0,0,0,0.6678,0,13.81223876,0,0,1
0,0,0,0,0.6725,0,11.25107466,0,0,1
0,0,0,0,0.8673,0,11.31771632,0,0,1
0,0,0,1,0.8681,0,10.21066965,0,0,1
0,0,0,1,0.8684,0,12.23442663,0,0,1
0,0,0,0,0.8244,0,13.89287442,0,0,1
0,0,0,0,0.745378653,0,14.236,0,0,1
0,1,0,0,0.956571648,0,15.741,0,0,1
0,0,0,0,1.076310408,0,14.4,0,0,1
0,0,0,0,1.221896383,0,12.587,0,0,1
0,1,0,0,1.984914649,0,11.18,0,0,1
0,1,0,0,2.557544764,0.36,16.201,0,1,1
0,0,0,0,2.183406114,0.36,18.75,0,1,1
0,0,0,0,1.929943067,0.36,16.194,0,1,1
0,1,0,0,2.377725468,0,12.892,0,0,1
0,0,0,1,2.536011361,0.36,14.506,0,1,1
0,0,0,0,2.562525625,0,14.286,0,0,1
0,0,0,0,2.743032697,0,15.566,0,0,1
0,0,0,0,3.053,0,13.673,0,0,1
0,0,0,0,3.3975,0.36,9.874,0,1,1
0,0,0,0,3.5435,0,8.824,0,0,1
0,0,0,0,3.6475,0,8.709,0,0,1
0,1,0,0,4.6825,0,7.32,0,0,1
0,0,0,0,4.8675,0,8.623,0,0,1
0,1,0,0,5.86,0,6.872,0,0,1
0,0,0,0,6.1545,0,5.211,0,0,1
0,1,0,0,7.5685,0,5.374,0,0,1
0,1,0,0,12.1265,0,5.7,0,0,1
0,0,0,0,8.64,0,9.177,0,0,1
0,0,0,0,6.64,0,5.806,0,0,1
0,0,0,0,5.63,0,1.392,0,0,1
0,0,0,0,6.325,0,3.393,0,0,1
0,0,0,0,6.97,0,4.688,0,0,1
0,0,0,0,6.81,0,7.09,0,0,1
0,1,0,0,9.305,0,11.536,0,0,1
0,0,0,0,7.38,0,7.13,0,0,1
0,0,0,0,6.6316,0,4.257,0,0,1
0,1,0,0,8.1429,0,5,0,0,1
0,0,0,0,8.50115,0,5.654,0,0,1
0,1,0,0,10.48985,0,5.752,0,0,1
0,0,1,0,49.189,0,22.01300157,0,0,0
0,0,1,0,44.937,0,24.58203197,0,0,0
0,0,1,0,129.831,0,24.99631323,0,0,0
0,0,1,0,50,0,72.10948561,0,0,0
0,1,1,0,55.355,0,37.61310666,0,0,0
0,0,0,0,55.191,0,13.77833126,0,0,0
0,1,1,0,119.3,0,49.61253886,0,0,0
0,0,1,0,119.3,0,67.09975712,0,0,0
0,0,1,0,119.3,0,69.14172635,0,0,0
0,1,0,0,214.34,0,4.156960191,0,0,0
0,1,0,0,349.5,0,3.502982107,0,0,0
0,0,0,0,349.5,0,15.03591871,0,0,0
0,0,0,0,349.5,0,7.006177993,0,0,0
0,0,0,0,349.5,0,-0.595293824,0,0,0
0,0,0,0,349.5,0,4.192011553,0,0,0
0,0,0,0,349.5,0,0,0,0,0
0,0,0,0,349.5,0.06,4.807532957,0,1,1
0,0,0,0,350,0,5.504844321,0,0,1
0,1,0,0,0.4197,0.06,5.216941093,0,1,1
0,0,0,0,0.42,0,-8.264216667,0,0,1
0,0,0,0,0.42,0,1.801884462,0,0,1
0,0,0,0,0.42,0,-1.769991264,0,0,1
0,0,0,0,0.42,0,5.78395737,0,0,1
0,0,0,0,0.42,0.06,0.970776621,0,1,1
0,0,0,0,0.42,0,5.939573494,0,0,1
0,1,0,0,0.52,0,5.549985502,0,0,1
0,0,0,0,0.52,0,4.536102074,0,0,1
0,0,0,0,0.52,0,2.843700217,0,0,1
0,0,0,0,0.52,0,2.498763969,0,0,1
0,0,0,0,0.52,0,2.804694188,0,0,1
0,0,0,0,0.52,0,1.562639485,0,0,1
0,0,0,0,0.48,0,4.253194018,0,0,1
0,0,0,0,0.475,0,2.715966924,0,0,1
0,0,0,0,0.3865,0,5.784875818,0,0,1
0,1,0,0,0.425,0,4.685641394,0,0,1
0,0,0,0,0.4712,0,10.05684308,0,0,1
0,0,0,0,0.5587,0,3.293128476,0,0,1
0,0,0,0,0.4275,0,8.19487405,0,0,1
0,1,0,0,0.46,0,4.63026082,0,0,1
0,0,0,0,0.405,0.06,8.557119849,0,1,1
0,0,0,0,0.418699999,0.06,10.011,0,1,1
0,0,0,0,0.515649999,0.06,8.903,0,1,1
0,0,0,0,0.615749999,0.06,13.673,0,1,1
0,0,0,0,0.7271,0,8.972,0,0,1
0,0,0,0,0.8666,0,8.596,0,0,1
0,0,0,0,0.75695,0,7.551,0,0,1
0,1,0,0,0.8402,0,6.159,0,0,1
0,0,0,0,0.77785,0,8.224,0,0,1
0,0,0,0,0.89845,0,7.156,0,0,1
0,0,0,0,0.9046,0,7.722,0,0,1
0,0,0,0,0.83675,0,6.502,0,0,1
1,0,0,1,0.8645,0,7.693,0,0,1
1,0,0,1,0.95065,0,5.518,0,0,1
1,0,0,1,1.0466,0,4.04,0,0,1
1,0,0,1,0.9912,0,5.423,0,0,1
1,0,0,1,0.9508,0,6.232,0,0,1
0,0,0,0,0.9985,0,3.733,0,0,1
0,0,0,0,1.1475,0,3.599,0,0,1
0,0,0,0,1.101,0,3.102,0,0,1
0,0,0,0,1.2525,0,2.768,0,0,1
0,0,0,0,1.3853,0,2.77,0,0,1
0,0,0,0,1.4683,0,1.987,0,0,1
0,0,0,0,1.3341,0,2.706,0,0,1
0,0,0,0,1.2083,0,2.724,0,0,1
0,0,0,0,1.1994,0,3.621,0,0,1
0,0,0,0,1.3634,0,1.444,0,0,1
0,0,0,0,1.2971,0,4.143,0,0,1
0,0,0,0,1.2207,0,3.438,0,0,1
0,0,0,0,1.3099,0,4.913,0,0,1
0,0,0,0,1.3173,0,3.53,0,0,1
0,0,0,0,1.4379,0,4.409,0,0,1
0,0,0,0,1.4993,0,3.541,0,0,1
0,0,0,0,1.5506,0,5.139,0,0,1
0,0,0,0,1.653095696,0,5.805,0,0,1
0,0,0,0,1.862411798,0,4.924,0,0,1
0,0,0,0,0.0004976,0,2.857142857,0,0,0
0,0,0,0,0.0004976,0,2.777777778,0,0,0
0,0,0,0,0.0004968,0,2.702702703,0,0,0
0,0,0,0,0.0004968,0,7.894736842,0,0,0
0,0,0,0,0.0004958,0,2.43902439,0,0,0
0,0,0,0,0.000496,0,4.761904762,0,0,0
0,0,0,0,0.0007142,0,2.272727273,0,0,0
0,1,0,0,0.000714,0,4.444444444,0,0,0
0,0,0,0,0.000719,0,6.382978723,0,0,0
0,0,0,0,0.0007118,0,4,0,0,0
0,0,0,0,0.0007116,0,3.846153846,0,0,0
0,0,0,0,0.000718,0,3.703703704,0,0,0
0,0,0,0,0.0007136,0,3.571428571,0,0,0
0,0,0,0,0.000718,0,3.103448276,0,0,0
0,0,0,0,0.000712,0,3.177257525,0,0,0
0,0,0,0,0.0007138,0,1.13452188,0,0,0
0,0,0,0,0.0007144,0,2.083333333,0,0,0
0,0,0,0,0.0007134,0,3.453689168,0,0,0
0,0,0,0,0.0007122,0,0.151745068,0,0,0
0,0,0,0,0.0007136,0,1.363636364,0,0,0
0,0,0,0,0.000715,0,-0.448430493,0,0,0
0,0,0,0,0.0007168,0,3.003003003,0,0,1
0,0,0,0,0.0007136,0,8.163265306,0,0,1
0,0,0,0,0.0007168,0,10.2425876,0,0,1
0,0,0,0,0.0007104,0,5.012224939,0,0,1
0,0,0,0,0.0007168,0,10.71012806,0,0,1
0,0,0,0,0.0007126,0,2.523659306,0,0,1
0,0,0,0,0.0007141,0,2.564102564,0,0,1
0,0,0,0,0.0007143,0,6.52173913,0,0,1
0,0,0,0,0.0007143,0,4.761904762,0,0,1
0,0,0,0,0.0006429,0,6.493506494,0,0,1
0,0,0,0,0.0006429,0,7.926829268,0,0,1
0,0,0,0,0.0006429,0,10.16949153,0,0,1
0,0,0,0,0.0007934,0,18.97435897,0,0,1
0,1,0,0,0.0007589,0,19.82758621,0,0,1
0,0,0,0,0.0007862,0,16.18705036,0,0,1
0,0,0,0,0.0007775,0,9.59752322,0,0,1
0,0,0,0,0.0008031,0,11.729,0,0,1
0,0,0,0,0.00088,0,13.997,0,0,1
0,0,0,0,0.0009285,0,12.495,0,0,1
0,1,0,0,0.001236,0,19.692,0,1,1
0,1,1,0,0.002105,0,20.019,0,1,1
0,1,1,0,0.00563,0,37.43,0,1,1
0,1,1,0,0.01448,0,54.8,0,1,1
0,0,1,0,0.0077,0,47.028,0,1,1
0,1,1,0,0.0095,0,54.042,0,1,1
0,1,1,0,0.01841,0,128.294,0,1,1
0,1,1,0,0.0459,0,109.558,0,1,1
0,1,1,0,0.08733,0,97.701,0,1,1
0,1,1,0,0.31496,0,165.725,0,1,1
0,1,1,0,0.561,0,183.263,0,1,1
0,1,1,0,0.699,0,54.614,0,1,1
1,1,1,1,0.978,0,34.905,0,0,1
1,1,1,1,1.287,0,43.095,0,0,1
1,0,1,1,1.44,0,24.41,0,0,1
1,1,1,1,2.425,0,24.456,0,0,1
0,0,1,0,2.76,0,26.79,0,0,1
0,1,1,0,4.45,0,26.1,0,0,1
0,0,1,0,3.735,0,21.357,0,0,1
0,0,1,0,4.5,0,22.239,0,0,1
0,0,1,0,4.4,0,21.4,0,0,1
0,0,0,0,4.6,0,17.969,0,0,1
0,0,0,0,3.34,0,18.325,0,0,1
0,0,0,0,4.41722,0,9.017,0,0,1
0,0,0,0,3.83,0,10.655,0,0,1
0,1,0,0,4.83226,0,12.449,0,0,1
0,0,0,0,4.631,0,13.392,0,0,1
0,0,0,0,4.7899,0,8.5,0,0,1
0,0,0,0,5.11398,0,8.658,0,0,1
0,0,0,0,5.1466133,0,6.575,0,0,1
0,1,0,0,5.52,0,6.978,0,0,1
0,0,0,0,6.3856,0,7.811,0,0,1
0,0,0,0,4.81E-27,0,-17.24137931,0,0,0
0,0,0,0,4.34E-27,0,-13.88888889,0,0,0
0,0,0,0,4.59E-27,0,-4.032258065,0,0,0
0,0,0,0,4.10E-27,0,0.847457627,0,0,0
0,0,0,0,4.12E-27,0,0.840336134,0,0,0
0,0,0,0,4.10E-27,0,0,0,0,0
0,0,0,0,4.12E-27,0,-5,0,0,0
0,0,0,0,5.93E-27,0,-7.01754386,0,0,0
0,0,0,0,6.10E-27,0,-3.773584906,0,0,0
0,0,0,0,3.91E-27,0,-2.941176471,0,0,0
0,0,0,0,4.04E-27,0,-1.01010101,0,0,0
0,0,0,0,4.06E-27,0,0,0,0,0
0,0,0,0,4.08E-27,0,-1.020408163,0,0,0
0,0,0,0,4.00E-27,0,6.18556701,0,0,0
0,0,0,0,4.28E-27,0,-2.912621359,0,0,0
0,0,0,0,5.09E-27,0,0.906344411,0,0,0
0,0,0,0,4.96E-27,0,2.994011976,0,0,0
0,0,0,0,4.96E-27,0,3.779069767,0,0,0
0,0,0,0,4.96E-27,0,5.602240896,0,0,0
0,0,0,0,4.96E-27,0,6.100795756,0,0,0
0,0,0,0,4.96E-27,0,3,0,0,0
0,0,0,0,4.96E-27,0,2.669902913,0,0,0
0,0,0,0,4.96E-27,0,5.200945626,0,0,0
0,0,0,0,4.96E-27,0,2.921348315,0,0,0
0,0,0,0,4.96E-27,0,9.388646288,0,0,0
0,0,0,0,7.14E-27,0,3.79241517,0,0,0
0,0,0,0,7.14E-27,0,7.692307692,0,0,0
0,0,0,0,7.14E-27,0,6.964285714,0,0,0
0,0,0,0,7.14E-27,0,8.180300501,0,0,0
0,0,0,0,7.14E-27,0,2.777777778,0,0,0
0,0,0,0,7.14E-27,0,0,0,0,0
0,0,0,0,7.14E-27,0,1.651651652,0,0,0
0,0,0,0,7.18E-27,0,4.431314623,0,0,0
0,0,0,0,7.10E-27,0,2.97029703,0,0,0
0,0,0,0,7.10E-27,0,3.571428571,0,0,0
0,0,0,0,7.12E-27,0,2.652519894,0,0,0
0,0,0,0,7.15E-27,0,2.454780362,0,0,0
0,0,0,0,7.11E-27,0,2.90037831,0,0,0
0,0,0,0,7.14E-27,0,2.083333333,0,0,0
0,0,0,0,7.14E-27,0,1.080432173,0,0,0
0,0,0,0,7.14E-27,0,2.500022554,0,0,0
0,0,0,0,7.14E-27,0,2.500003432,1,1,1
0,0,0,0,7.14E-27,0,3.121953195,1,1,1
0,0,0,0,7.14E-27,0,2.365179967,1,1,1
0,0,0,0,7.14E-27,0,1.38631904,1,1,1
0,0,0,0,7.14E-27,0,0.364644862,1,1,1
0,0,0,0,7.16E-27,0,2.088991186,1,1,1
0,0,0,0,6.71E-27,0,3.024884047,1,1,1
0,0,0,0,6.52E-27,0,2.84975748,1,1,1
0,0,0,0,6.06E-27,0,3.106641376,1,1,1
0,0,0,0,5.49E-27,0,6.596092646,1,1,1
0,0,0,0,6.25E-27,0,10.00764002,1,1,1
0,0,0,0,6.19E-27,0,11.0416805,1,1,1
0,1,0,0,6.47E-27,0,10.25640067,1,1,1
0,0,0,0,6.75E-27,0,8.229915112,1,1,1
0,0,0,0,6.74E-27,0,12.55279758,1,1,1
0,0,0,0,6.31E-27,0,7.2,1,1,1
0,0,0,0,7.23E-27,0,13.2,0,0,1
0,1,0,0,7.39E-27,0,10.4,0,0,1
0,1,1,0,1.11E-26,0,23.2,0,0,1
0,1,1,0,1.45E-26,0,20.3,0,0,1
0,0,0,0,1.63E-26,0,8.3,0,0,1
0,0,0,0,1.68E-26,0,14.5,0,0,1
0,0,0,0,1.60E-26,0,12.5,0,0,1
0,1,0,0,1.93E-26,0,7.4,0,0,1
0,1,0,0,2.22E-26,0,12.8,0,0,1
0,1,0,0,2.61E-26,0,17.4,0,0,1
0,1,1,0,5.04E-26,0,24,0,0,1
0,0,1,0,5.37E-26,0,41.6,0,0,1
0,1,1,0,6.81E-26,0,28.2,0,0,1
0,1,1,0,8.38E-26,0,21.11354311,0,0,1
1,0,1,1,9.31E-26,0,25.80873955,0,0,1
1,1,0,1,1.08E-25,0,16.40028408,0,0,1
1,1,1,1,1.83E-25,0,20.0650384,0,0,1
1,1,1,1,3.71E-25,0,46.61127497,0,0,1
1,0,1,1,3.72E-25,0,56.92320336,0,0,1
1,1,1,1,5.50E-25,0,55.20369616,1,1,1
1,0,1,1,5.51E-25,0,112.1184112,1,1,1
1,0,1,1,5.50E-25,0,198.928606,1,1,1
1,1,1,1,7.95E-24,0,598.7447505,1,1,1
1,1,1,1,5.60E-23,0,132.7467739,1,1,1
1,1,1,1,8.46E-22,0,585.8443656,1,1,1
1,1,1,1,3.00E-19,0,1281.113605,1,1,1
1,1,1,1,1.90E-16,0,66279.89237,1,1,1
1,1,1,1,0.002,0,21989695.22,1,1,1
1,1,0,1,354.8,0,-7.67,1,1,1
0,0,0,0,378.2,0,3.217,1,1,1
0,0,0,0,361.9,0,4.92,1,1,1
0,0,0,0,361.9,0,3.72,1,1,1
0,0,0,0,361.9,0,1.632,1,1,1
